Date,Rainfall_mm,rain,rain3d,rain7d,rain10d,doy,month,wind,pressure,cyclone_flag,Flood_Prob,Cyclone_Prob
2024-01-01,0.0,0.0,0.0,0.0,0.0,1,1,0.0,1013.0,0,0.0,0.0
2024-01-02,0.0,0.0,0.0,0.0,0.0,2,1,0.0,1013.0,0,0.0,0.0
2024-01-03,0.12051259,0.12051259,0.12051259,0.12051259,0.12051259,3,1,0.0,1013.0,0,0.0,0.0
2024-01-04,0.9477503,0.9477503,1.06826289,1.06826289,1.06826289,4,1,0.0,1013.0,0,0.0,0.0
2024-01-05,1.4101403,1.4101403,2.47840319,2.47840319,2.47840319,5,1,0.0,1013.0,0,0.0,0.0
2024-01-06,0.30599663,0.30599663,2.66388723,2.78439982,2.78439982,6,1,0.0,1013.0,0,0.0,0.0
2024-01-07,1.4458665,1.4458665,3.16200343,4.23026632,4.23026632,7,1,0.0,1013.0,0,0.0,0.0
2024-01-08,0.5618604,0.5618604,2.3137235300000003,4.792126720000001,4.792126720000001,8,1,0.0,1013.0,0,0.0,0.0
2024-01-09,1.6623634,1.6623634,3.6700903,6.45449012,6.45449012,9,1,0.0,1013.0,0,0.0,0.0
2024-01-10,1.347236,1.347236,3.5714598000000004,7.681213530000001,7.8017261200000005,10,1,0.0,1013.0,0,0.0,0.0
2024-01-11,0.01922584,0.01922584,3.0288252400000006,6.752689070000001,7.82095196,11,1,0.0,1013.0,0,0.0,0.0
2024-01-12,0.0,0.0,1.3664618400000006,5.3425487700000005,7.82095196,12,1,0.0,1013.0,0,0.0,0.0
2024-01-13,0.0,0.0,0.019225840000000445,5.03655214,7.700439370000001,13,1,0.0,1013.0,0,0.0,0.0
2024-01-14,0.0,0.0,0.0,3.5906856400000007,6.752689070000001,14,1,0.0,1013.0,0,0.0,0.0
2024-01-15,0.0,0.0,0.0,3.0288252400000006,5.3425487700000005,15,1,0.0,1013.0,0,0.0,0.0
2024-01-16,0.0,0.0,0.0,1.3664618400000006,5.03655214,16,1,0.0,1013.0,0,0.0,0.0
2024-01-17,0.0,0.0,0.0,0.019225840000000445,3.5906856400000007,17,1,0.0,1013.0,0,0.0,0.0
2024-01-18,0.0088019185,0.0088019185,0.008801918500000444,0.008801918500000444,3.0376271585000008,18,1,0.0,1013.0,0,0.0,0.0
2024-01-19,0.0,0.0,0.008801918500000444,0.008801918500000444,1.3752637585000005,19,1,0.0,1013.0,0,0.0,0.0
2024-01-20,0.00035834615,0.00035834615,0.009160264650000444,0.009160264650000444,0.028386104650000445,20,1,0.0,1013.0,0,0.0,0.0
2024-01-21,0.0,0.0,0.0003583461500004441,0.009160264650000444,0.009160264650000444,21,1,0.0,1013.0,0,0.0,0.0
2024-01-22,0.0,0.0,0.0003583461500004441,0.009160264650000444,0.009160264650000444,22,1,0.0,1013.0,0,0.0,0.0
2024-01-23,0.0,0.0,0.0,0.009160264650000444,0.009160264650000444,23,1,0.0,1013.0,0,0.0,0.0
2024-01-24,0.0,0.0,0.0,0.009160264650000444,0.009160264650000444,24,1,0.0,1013.0,0,0.0,0.0
2024-01-25,0.0,0.0,0.0,0.0003583461500004441,0.009160264650000444,25,1,0.0,1013.0,0,0.0,0.0
2024-01-26,0.0,0.0,0.0,0.0003583461500004441,0.009160264650000444,26,1,0.0,1013.0,0,0.0,0.0
2024-01-27,0.0,0.0,0.0,0.0,0.009160264650000444,27,1,0.0,1013.0,0,0.0,0.0
2024-01-28,0.0,0.0,0.0,0.0,0.0003583461500004441,28,1,0.0,1013.0,0,0.0,0.0
2024-01-29,0.0,0.0,0.0,0.0,0.0003583461500004441,29,1,0.0,1013.0,0,0.0,0.0
2024-01-30,0.0,0.0,0.0,0.0,0.0,30,1,0.0,1013.0,0,0.0,0.0
2024-01-31,0.0,0.0,0.0,0.0,0.0,31,1,0.0,1013.0,0,0.0,0.0
2024-02-01,0.0,0.0,0.0,0.0,0.0,32,2,0.0,1013.0,0,0.0,0.0
2024-02-02,0.06299329,0.06299329,0.06299329000000044,0.06299329000000044,0.06299329000000044,33,2,0.0,1013.0,0,0.0,0.0
2024-02-03,8.748083e-05,8.748083e-05,0.06308077083000044,0.06308077083000044,0.06308077083000044,34,2,0.0,1013.0,0,0.0,0.0
2024-02-04,0.0,0.0,0.06308077083000044,0.06308077083000044,0.06308077083000044,35,2,0.0,1013.0,0,0.0,0.0
2024-02-05,0.0,0.0,8.748083000044409e-05,0.06308077083000044,0.06308077083000044,36,2,0.0,1013.0,0,0.0,0.0
2024-02-06,0.0,0.0,0.0,0.06308077083000044,0.06308077083000044,37,2,0.0,1013.0,0,0.0,0.0
2024-02-07,0.0,0.0,0.0,0.06308077083000044,0.06308077083000044,38,2,0.0,1013.0,0,0.0,0.0
2024-02-08,0.0,0.0,0.0,0.06308077083000044,0.06308077083000044,39,2,0.0,1013.0,0,0.0,0.0
2024-02-09,0.0,0.0,0.0,8.748083000044409e-05,0.06308077083000044,40,2,0.0,1013.0,0,0.0,0.0
2024-02-10,0.0,0.0,0.0,0.0,0.06308077083000044,41,2,0.0,1013.0,0,0.0,0.0
2024-02-11,0.0,0.0,0.0,0.0,0.06308077083000044,42,2,0.0,1013.0,0,0.0,0.0
2024-02-12,0.0,0.0,0.0,0.0,8.748083000044409e-05,43,2,0.0,1013.0,0,0.0,0.0
2024-02-13,0.0,0.0,0.0,0.0,0.0,44,2,0.0,1013.0,0,0.0,0.0
2024-02-14,0.0,0.0,0.0,0.0,0.0,45,2,0.0,1013.0,0,0.0,0.0
2024-02-15,0.0,0.0,0.0,0.0,0.0,46,2,0.0,1013.0,0,0.0,0.0
2024-02-16,0.0,0.0,0.0,0.0,0.0,47,2,0.0,1013.0,0,0.0,0.0
2024-02-17,0.0,0.0,0.0,0.0,0.0,48,2,0.0,1013.0,0,0.0,0.0
2024-02-18,0.0,0.0,0.0,0.0,0.0,49,2,0.0,1013.0,0,0.0,0.0
2024-02-19,0.0,0.0,0.0,0.0,0.0,50,2,0.0,1013.0,0,0.0,0.0
2024-02-20,0.0,0.0,0.0,0.0,0.0,51,2,0.0,1013.0,0,0.0,0.0
2024-02-21,0.0,0.0,0.0,0.0,0.0,52,2,0.0,1013.0,0,0.0,0.0
2024-02-22,0.0,0.0,0.0,0.0,0.0,53,2,0.0,1013.0,0,0.0,0.0
2024-02-23,0.0,0.0,0.0,0.0,0.0,54,2,0.0,1013.0,0,0.0,0.0
2024-02-24,0.0,0.0,0.0,0.0,0.0,55,2,0.0,1013.0,0,0.0,0.0
2024-02-25,0.038724344,0.038724344,0.038724344000000445,0.038724344000000445,0.038724344000000445,56,2,0.0,1013.0,0,0.0,0.0
2024-02-26,0.010007199,0.010007199,0.048731543000000446,0.048731543000000446,0.048731543000000446,57,2,0.0,1013.0,0,0.0,0.0
2024-02-27,0.0,0.0,0.048731543000000446,0.048731543000000446,0.048731543000000446,58,2,0.0,1013.0,0,0.0,0.0
2024-02-28,0.016230566,0.016230566,0.02623776500000044,0.06496210900000043,0.06496210900000043,59,2,0.0,1013.0,0,0.0,0.0
2024-02-29,0.0,0.0,0.01623056600000044,0.06496210900000043,0.06496210900000043,60,2,0.0,1013.0,0,0.0,0.0
2024-03-01,0.00048635085,0.00048635085,0.01671691685000044,0.06544845985000045,0.06544845985000045,61,3,0.0,1013.0,0,0.0,0.0
2024-03-02,0.0048635085,0.0048635085,0.005349859350000444,0.07031196835000045,0.07031196835000045,62,3,0.0,1013.0,0,0.0,0.0
2024-03-03,0.0,0.0,0.005349859350000444,0.03158762435000044,0.07031196835000045,63,3,0.0,1013.0,0,0.0,0.0
2024-03-04,0.0,0.0,0.004863508500000444,0.02158042535000044,0.07031196835000045,64,3,0.0,1013.0,0,0.0,0.0
2024-03-05,0.0,0.0,0.0,0.02158042535000044,0.07031196835000045,65,3,0.0,1013.0,0,0.0,0.0
2024-03-06,0.0,0.0,0.0,0.005349859350000444,0.03158762435000044,66,3,0.0,1013.0,0,0.0,0.0
2024-03-07,0.0,0.0,0.0,0.005349859350000444,0.02158042535000044,67,3,0.0,1013.0,0,0.0,0.0
2024-03-08,0.0,0.0,0.0,0.004863508500000444,0.02158042535000044,68,3,0.0,1013.0,0,0.0,0.0
2024-03-09,0.0,0.0,0.0,0.0,0.005349859350000444,69,3,0.0,1013.0,0,0.0,0.0
2024-03-10,0.0,0.0,0.0,0.0,0.005349859350000444,70,3,0.0,1013.0,0,0.0,0.0
2024-03-11,0.0,0.0,0.0,0.0,0.004863508500000444,71,3,0.0,1013.0,0,0.0,0.0
2024-03-12,0.0,0.0,0.0,0.0,0.0,72,3,0.0,1013.0,0,0.0,0.0
2024-03-13,0.0,0.0,0.0,0.0,0.0,73,3,0.0,1013.0,0,0.0,0.0
2024-03-14,0.0,0.0,0.0,0.0,0.0,74,3,0.0,1013.0,0,0.0,0.0
2024-03-15,0.002881771,0.002881771,0.002881771000000444,0.002881771000000444,0.002881771000000444,75,3,0.0,1013.0,0,0.0,0.0
2024-03-16,0.014843173,0.014843173,0.017724944000000444,0.017724944000000444,0.017724944000000444,76,3,0.0,1013.0,0,0.0,0.0
2024-03-17,0.50037193,0.50037193,0.5180968740000005,0.5180968740000005,0.5180968740000005,77,3,0.0,1013.0,0,0.0,0.0
2024-03-18,0.14391105,0.14391105,0.6591261530000005,0.6620079240000005,0.6620079240000005,78,3,0.0,1013.0,0,0.0,0.0
2024-03-19,0.15553086,0.15553086,0.7998138400000004,0.8175387840000005,0.8175387840000005,79,3,0.0,1013.0,0,0.0,0.0
2024-03-20,0.008725859,0.008725859,0.3081677690000004,0.8262646430000005,0.8262646430000005,80,3,0.0,1013.0,0,0.0,0.0
2024-03-21,0.0,0.0,0.16425671900000044,0.8262646430000005,0.8262646430000005,81,3,0.0,1013.0,0,0.0,0.0
2024-03-22,0.007405594,0.007405594,0.016131453000000445,0.8307884660000006,0.8336702370000005,82,3,0.0,1013.0,0,0.0,0.0
2024-03-23,0.108683795,0.108683795,0.11608938900000045,0.9246290880000004,0.9423540320000005,83,3,0.0,1013.0,0,0.0,0.0
2024-03-24,0.07915798,0.07915798,0.19524736900000045,0.5034151380000005,1.0215120120000005,84,3,0.0,1013.0,0,0.0,0.0
2024-03-25,0.093430616,0.093430616,0.28127239100000045,0.4529347040000004,1.1120608570000006,85,3,0.0,1013.0,0,0.0,0.0
2024-03-26,0.005224945,0.005224945,0.17781354100000044,0.3026287890000004,1.1024426290000005,86,3,0.0,1013.0,0,0.0,0.0
2024-03-27,0.008038483,0.008038483,0.10669404400000043,0.3019414130000005,0.6101091820000004,87,3,0.0,1013.0,0,0.0,0.0
2024-03-28,0.011977929,0.011977929,0.025241357000000443,0.3139193420000005,0.47817606100000043,88,3,0.0,1013.0,0,0.0,0.0
2024-03-29,0.0037121638,0.0037121638,0.023728575800000443,0.3102259118000005,0.3263573648000005,89,3,0.0,1013.0,0,0.0,0.0
2024-03-30,0.03487093,0.03487093,0.050561022800000445,0.23641304680000041,0.35250243580000046,90,3,0.0,1013.0,0,0.0,0.0
2024-03-31,0.008529599,0.008529599,0.047112692800000446,0.16578466580000045,0.36103203480000046,91,3,0.0,1013.0,0,0.0,0.0
2024-04-01,0.0,0.0,0.043400529000000444,0.07235404980000044,0.35362644080000044,92,4,0.0,1013.0,0,0.0,0.0
2024-04-02,0.0,0.0,0.008529599000000445,0.06712910480000045,0.24494264580000044,93,4,0.0,1013.0,0,0.0,0.0
2024-04-03,0.0039361236,0.0039361236,0.003936123600000444,0.06302674540000044,0.16972078940000043,94,4,0.0,1013.0,0,0.0,0.0
2024-04-04,0.047753334,0.047753334,0.051689457600000446,0.09880215040000045,0.12404350740000045,95,4,0.0,1013.0,0,0.0,0.0
2024-04-05,0.0066541205,0.0066541205,0.058343578100000446,0.10174410710000045,0.12547268290000047,96,4,0.0,1013.0,0,0.0,0.0
2024-04-06,0.0,0.0,0.054407454500000445,0.06687317710000046,0.11743419990000044,97,4,0.0,1013.0,0,0.0,0.0
2024-04-07,0.0,0.0,0.006654120500000444,0.058343578100000446,0.10545627090000044,98,4,0.0,1013.0,0,0.0,0.0
2024-04-08,0.007858971,0.007858971,0.007858971000000443,0.06620254910000045,0.10960307810000045,99,4,0.0,1013.0,0,0.0,0.0
2024-04-09,0.055273514,0.055273514,0.06313248500000045,0.12147606310000045,0.13000566210000045,100,4,0.0,1013.0,0,0.0,0.0
2024-04-10,0.114325956,0.114325956,0.17745844100000047,0.23186589550000045,0.23580201910000045,101,4,0.0,1013.0,0,0.0,0.0
2024-04-11,0.12945722,0.12945722,0.29905669000000046,0.3135697815000005,0.36525923910000047,102,4,0.0,1013.0,0,0.0,0.0
2024-04-12,0.6300169,0.6300169,0.8738000760000004,0.9369325610000006,0.9952761391000005,103,4,0.0,1013.0,0,0.0,0.0
2024-04-13,1.3599027,1.3599027,2.1193768200000003,2.2968352610000005,2.3512427155000006,104,4,0.0,1013.0,0,0.0,0.0
2024-04-14,2.1014166,2.1014166,4.091336200000001,4.398251861,4.4049059815,105,4,0.0,1013.0,0,0.0,0.0
2024-04-15,0.21296205,0.21296205,3.6742813500000002,4.60335494,4.611213911,106,4,0.0,1013.0,0,0.0,0.0
2024-04-16,0.035234984,0.035234984,2.3496136340000007,4.583316410000001,4.646448895000001,107,4,0.0,1013.0,0,0.0,0.0
2024-04-17,0.022761365,0.022761365,0.2709583990000009,4.491751819000001,4.669210260000001,108,4,0.0,1013.0,0,0.0,0.0
2024-04-18,0.37933034,0.37933034,0.4373266890000009,4.741624939,5.040681629,109,4,0.0,1013.0,0,0.0,0.0
2024-04-19,1.5465237,1.5465237,1.9486154050000009,5.658131739000001,6.531931815,110,4,0.0,1013.0,0,0.0,0.0
2024-04-20,3.125543,3.125543,5.051397040000001,7.423772039,9.543148858999999,111,4,0.0,1013.0,0,0.0,0.0
2024-04-21,2.17476,2.17476,6.846826700000001,7.497115439000001,11.588451639,112,4,0.0,1013.0,0,0.0,0.0
2024-04-22,0.26005185,0.26005185,5.560354850000001,7.544205239,11.218486589,113,4,0.0,1013.0,0,0.0,0.0
2024-04-23,1.0933791,1.0933791,3.5281909500000013,8.602349355000001,10.951962989,114,4,0.0,1013.0,0,0.0,0.002544378698224852
2024-04-24,0.108470514,0.108470514,1.4619014640000012,8.688058503999999,8.959016903,115,4,0.0,1013.0,0,0.0,0.0033333333333333335
2024-04-25,0.24463159,0.24463159,1.4464812040000012,8.553359754,8.990686443,116,4,0.0,1013.0,0,0.0,0.006666666666666667
2024-04-26,0.00034485676,0.00034485676,0.35344696076000137,7.007180910760001,8.955796315759999,117,4,0.0,1013.0,0,0.0,0.0
2024-04-27,0.07382758,0.07382758,0.31880402676000136,3.95546549076,9.00686253076,118,4,0.0,1013.0,0,0.0,0.0
2024-04-28,0.0,0.0,0.07417243676000133,1.78070549076,8.627532190759998,119,4,0.0,1013.0,0,0.0,0.0
2024-04-29,0.0,0.0,0.07382758000000134,1.52065364076,7.0810084907599995,120,4,0.0,1013.0,0,0.0,0.0
2024-04-30,0.0150738815,0.0150738815,0.015073881500001333,0.44234842226000004,3.9705393722599998,121,4,0.0,1013.0,0,0.0,0.0
2024-05-01,0.016588602,0.016588602,0.03166248350000134,0.35046651026000003,1.8123679742599998,122,5,0.0,1013.0,0,0.0,0.0
2024-05-02,0.031092066,0.031092066,0.06275454950000134,0.13692698626,1.58340819026,123,5,0.0,1013.0,0,0.0,0.0
2024-05-03,0.10390846,0.10390846,0.15158912800000135,0.2404905895,0.5939375502600001,124,5,0.0,1013.0,0,0.0,0.0
2024-05-04,0.7589231,0.7589231,0.8939236260000013,0.9255861095,1.24439013626,125,5,0.0,1013.0,0,0.0,0.0
2024-05-05,0.62536186,0.62536186,1.4881934200000013,1.5509479695000001,1.62512040626,126,5,0.0,1013.0,0,0.0,0.0
2024-05-06,0.082379654,0.082379654,1.4666646140000013,1.6333276235,1.7071552035,127,5,0.0,1013.0,0,0.0,0.0
2024-05-07,2.6733263,2.6733263,3.381067814000001,4.291580042,4.3066539235,128,5,0.0,1013.0,0,0.0,0.0
2024-05-08,4.432528,4.432528,7.188233954000001,8.707519439999999,8.739181923499999,129,5,0.0,1013.0,0,0.0,0.05842183133022105
2024-05-09,1.5301511,1.5301511,8.6360054,10.206578473999999,10.2693330235,130,5,0.0,1013.0,0,0.0,0.46291756231415104
2024-05-10,1.98499,1.98499,7.9476691000000015,12.087660013999999,12.239249142,131,5,0.0,1013.0,0,0.0,0.17476862113312125
2024-05-11,1.9719787,1.9719787,5.487119800000002,13.300715614,14.194639239999999,132,5,0.0,1013.0,0,0.0,0.0053539025077486615
2024-05-12,3.4064083,3.4064083,7.363377000000002,16.081762054,17.569955474,133,5,0.0,1013.0,0,0.0,0.005907966198592203
2024-05-13,7.745748,7.745748,13.124135000000003,23.7451304,25.211795014,134,5,0.0,1013.0,0,0.0,0.09535042993883004
2024-05-14,3.4441085,3.4441085,14.596264800000002,24.5159126,27.896980414,135,5,0.0,1013.0,0,0.0,0.26322695375284666
2024-05-15,4.27316,4.27316,15.463016500000002,24.3565446,31.544778553999997,136,5,0.0,1013.0,0,0.0,0.29909923557196333
2024-05-16,1.8451124,1.8451124,9.562380900000003,24.671505900000003,33.3075113,137,5,0.0,1013.0,0,0.0033333333333333335,0.09414512490737527
2024-05-17,7.591596,7.591596,13.709868400000001,30.278111900000003,38.225781,138,5,0.0,1013.0,0,0.0,0.0033333333333333335
2024-05-18,5.253256,5.253256,14.689964400000003,33.5593892,39.046509,139,5,0.0,1013.0,0,0.0,0.0027983539094650206
2024-05-19,8.178028,8.178028,21.02288,38.3310089,45.6943859,140,5,0.0,1013.0,0,0.0,0.0
2024-05-20,8.553116,8.553116,21.9844,39.1383769,52.2625119,141,5,0.0,1013.0,0,0.0,0.0
2024-05-21,11.534896,11.534896,28.26604,47.2291644,61.8254292,142,5,0.0,1013.0,0,0.02,0.0
2024-05-22,4.424489,4.424489,24.512501,47.3804934,62.8435099,143,5,0.0,1013.0,0,0.0,0.0
2024-05-23,5.2991776,5.2991776,21.2585626,50.8345586,60.396939499999995,144,5,0.0,1013.0,1,0.0,0.0
2024-05-24,4.0586114,4.0586114,13.782278000000002,47.301573999999995,61.0114424,145,5,25.0,1013.0,1,0.0,0.822798353909465
2024-05-25,8.587252,8.587252,17.945041,50.635569999999994,65.32553440000001,146,5,45.0,1013.0,1,0.0,0.84
2024-05-26,0.3861392,0.3861392,13.0320026,42.8436812,63.8665612,147,5,60.0,1013.0,1,0.0,0.7261316872427983
2024-05-27,2.726459,2.726459,11.699850200000002,37.0170242,59.0014242,148,5,45.0,1013.0,1,0.0,0.8466666666666667
2024-05-28,0.03670353,0.03670353,3.149301730000002,25.51883173,53.78487173,149,5,20.0,993.0,1,0.0,0.7766666666666666
2024-05-29,0.595409,0.595409,3.358571530000002,21.68975173,46.20225273,150,5,0.0,1013.0,0,0.0,0.0
2024-05-30,0.54018974,0.54018974,1.1723022700000016,16.93076387,38.189326470000005,151,5,0.0,1013.0,0,0.0,0.0
2024-05-31,0.48092568,0.48092568,1.6165244200000017,13.35307815,27.13535615,152,5,0.0,1013.0,0,0.0,0.0
2024-06-01,0.5846798,0.5846798,1.6057952200000019,5.3505059500000005,23.29554695,153,6,0.0,1013.0,0,0.0,0.0
2024-06-02,4.4459443,4.4459443,5.511549780000001,9.41031105,22.44231365,154,6,0.0,1013.0,0,0.0,0.0027850877192982454
2024-06-03,14.611046,14.611046,19.641670100000002,21.29489805,32.99474825,155,6,0.0,1013.0,0,0.0,0.04158715398498875
2024-06-04,3.042949,3.042949,22.099939300000003,24.30114352,27.45044525,156,6,0.0,1013.0,0,0.0,0.3018043026344285
2024-06-05,4.400288,4.400288,22.054283,28.10602252,31.464594050000002,157,6,0.0,1013.0,0,0.0,0.1571646252017607
2024-06-06,8.210627,8.210627,15.653864000000004,35.77645978,36.94876205,158,6,0.0,1013.0,0,0.0,0.0
2024-06-07,18.232971,18.232971,30.843886000000005,53.528505100000004,55.14502952,159,6,0.0,1013.0,0,0.02666666666666667,0.0
2024-06-08,12.946238,12.946238,39.389836,65.8900633,67.49585852,160,6,0.0,1013.0,0,0.0,0.0
2024-06-09,18.070654,18.070654,49.249863000000005,79.51477299999999,85.02632277999999,161,6,0.0,1013.0,0,0.72,0.0
2024-06-10,12.33734,12.33734,43.354232,77.241067,96.8827371,162,6,0.0,1013.0,0,0.17,0.0
2024-06-11,10.511053,10.511053,40.919047000000006,84.709171,106.80911029999999,163,6,0.0,1013.0,0,0.9233333333333333,0.0
2024-06-12,10.5402,10.5402,33.38859300000001,90.84908300000001,112.903366,164,6,0.0,1013.0,0,0.9366666666666666,0.0
2024-06-13,8.254265,8.254265,29.30551800000001,90.892721,106.546585,165,6,0.0,1013.0,0,0.91,0.0
2024-06-14,7.097418,7.097418,25.89188300000001,79.75716800000001,110.601054,166,6,0.0,1013.0,0,0.9033333333333333,0.0
2024-06-15,3.4508622,3.4508622,18.802545200000008,70.2617922,109.6516282,167,6,0.0,1013.0,0,0.056666666666666664,0.0
2024-06-16,1.33059,1.33059,11.878870200000007,53.5217282,102.7715912,168,6,0.0,1013.0,0,0.02,0.0
2024-06-17,3.8409114,3.8409114,8.622363600000007,45.025299600000004,88.37953159999999,169,6,0.0,1013.0,0,0.006666666666666667,0.0
2024-06-18,6.4068727,6.4068727,11.578374100000008,40.9211193,81.84016629999999,170,6,0.0,1013.0,0,0.0,0.0
2024-06-19,4.8497305,4.8497305,15.097514600000007,35.2306498,68.6192428,171,6,0.0,1013.0,0,0.0,0.0027983539094650206
2024-06-20,4.505738,4.505738,15.762341200000007,31.4821228,60.787640800000005,172,6,0.0,1013.0,0,0.0,0.0027983539094650206
2024-06-21,9.021406,9.021406,18.376874500000007,33.4061108,59.2979938,173,6,0.0,1013.0,0,0.0,0.0
2024-06-22,7.332571,7.332571,20.85971500000001,37.2878196,56.0903648,174,6,0.0,1013.0,0,0.0,0.0
2024-06-23,5.4785843,5.4785843,21.83256130000001,41.4358139,53.314684099999994,175,6,0.0,1013.0,0,0.0,0.0
2024-06-24,7.0635304,7.0635304,19.874685700000008,44.6584329,53.2807965,176,6,0.0,1013.0,0,0.0,0.0
2024-06-25,6.1529927,6.1529927,18.69510740000001,44.404552900000006,55.982927000000004,177,6,0.0,1013.0,0,0.0,0.0
2024-06-26,12.428757,12.428757,25.645280100000008,51.9835794,67.08109400000001,178,6,0.0,1013.0,0,0.0,0.01
2024-06-27,15.804033,15.804033,34.38578270000001,63.28187440000001,79.0442156,179,6,0.0,1013.0,0,0.01,0.0033333333333333335
2024-06-28,9.36119,9.36119,37.59398000000001,63.6216584,81.99853290000001,180,6,0.0,1013.0,0,0.006666666666666667,0.0
2024-06-29,7.599473,7.599473,32.76469600000001,63.8885604,84.7482754,181,6,0.0,1013.0,0,0.0,0.0
2024-06-30,7.9439034,7.9439034,24.904566400000007,66.3538795,88.18644080000001,182,6,0.0,1013.0,0,0.0,0.0
2024-07-01,11.27327,11.27327,26.816646400000003,70.56361910000001,90.4383048,183,7,0.0,1013.0,0,0.0,0.0031786941580756014
2024-07-02,8.300988,8.300988,27.518161400000004,72.7116144,91.40672180000001,184,7,0.0,1013.0,0,0.0,0.0
2024-07-03,8.19722,8.19722,27.771478000000005,68.4800774,94.12535749999999,185,7,0.0,1013.0,0,0.006666666666666667,0.0
2024-07-04,13.759286,13.759286,30.257494000000005,66.4353304,100.8211131,186,7,0.0,1013.0,0,0.04,0.0
2024-07-05,6.2001247,6.2001247,28.156630700000004,63.2742651,100.8682451,187,7,0.0,1013.0,0,0.01,0.0
2024-07-06,12.528081,12.528081,32.48749170000001,68.2028731,100.9675691,188,7,0.0,1013.0,0,0.056666666666666664,0.0031786941580756014
2024-07-07,11.641568,11.641568,30.369773700000003,71.9005377,96.8051041,189,7,0.0,1013.0,0,0.02,0.0031786941580756014
2024-07-08,22.393661,22.393661,46.56331000000001,83.0209287,109.83757510000001,190,7,0.0,1013.0,0,0.9833333333333333,0.0
2024-07-09,14.423513,14.423513,48.45874200000001,89.1434537,116.6616151,191,7,0.0,1013.0,0,0.9966666666666667,0.0
2024-07-10,3.4383063,3.4383063,40.25548030000001,84.38453999999999,112.15601799999999,192,7,0.0,1013.0,0,0.97,0.0
2024-07-11,5.926217,5.926217,23.78803630000001,76.551471,106.808965,193,7,0.0,1013.0,0,0.03,0.0
2024-07-12,3.301607,3.301607,12.666130300000008,73.65295330000001,101.80958400000002,194,7,0.0,1013.0,0,0.0,0.0
2024-07-13,18.83782,18.83782,28.06564400000001,79.9626923,112.45018400000001,195,7,0.0,1013.0,0,0.9333333333333333,0.0
2024-07-14,17.529343,17.529343,39.66877000000001,85.85046729999999,116.220241,196,7,0.0,1013.0,0,1.0,0.0
2024-07-15,25.833693,25.833693,62.200856000000016,89.2904993,135.8538093,197,7,0.0,1013.0,0,1.0,0.0
2024-07-16,23.35251,23.35251,66.715546,98.2194963,146.6782383,198,7,0.0,1013.0,0,1.0,0.0
2024-07-17,13.507502,13.507502,62.69370500000001,108.28869200000001,148.54417229999999,199,7,0.0,1013.0,0,1.0,0.0
2024-07-18,21.37611,21.37611,58.23612200000001,123.738585,147.5266213,200,7,0.0,1013.0,0,1.0,0.0
2024-07-19,27.506365,27.506365,62.389977,147.943343,160.6094733,201,7,25.0,1013.0,1,1.0,0.7966666666666666
2024-07-20,19.829065,19.829065,68.71154,148.934588,177.00023199999998,202,7,25.0,992.0,1,1.0,0.8833333333333333
2024-07-21,16.153896,16.153896,63.489326000000005,147.55914099999998,187.227911,203,7,0.0,1013.0,0,1.0,0.0
2024-07-22,18.006645,18.006645,53.989606,139.73209300000002,201.932949,204,7,0.0,1013.0,0,1.0,0.0
2024-07-23,12.840454,12.840454,47.00099500000001,129.220037,195.935583,205,7,0.0,1013.0,0,1.0,0.0
2024-07-24,14.073886,14.073886,44.920985,129.786421,192.48012599999998,206,7,0.0,1013.0,0,1.0,0.0
2024-07-25,21.065392,21.065392,47.979732000000006,129.475703,187.711825,207,7,0.0,1013.0,0,0.9966666666666667,0.0
2024-07-26,21.771751,21.771751,56.911029,123.74108899999999,186.131066,208,7,0.0,1013.0,0,1.0,0.0
2024-07-27,15.118762,15.118762,57.955905,119.03078599999999,187.742326,209,7,0.0,1013.0,0,0.9933333333333333,0.0
2024-07-28,4.9021006,4.9021006,41.7926136,107.7789906,171.26831660000002,210,7,0.0,1013.0,0,0.9966666666666667,0.0
2024-07-29,6.770431,6.770431,26.791293600000007,96.5427766,150.5323826,211,7,0.0,1013.0,0,1.0,0.0033333333333333335
2024-07-30,18.064655,18.064655,29.737186600000005,101.7669776,148.7679726,212,7,0.0,1013.0,0,0.9533333333333334,0.0
2024-07-31,19.934288,19.934288,44.769374,107.6273796,152.5483646,213,7,0.0,1013.0,0,1.0,0.0
2024-08-01,16.737942,16.737942,54.736885,103.2999296,151.2796616,214,8,0.0,1013.0,0,1.0,0.0
2024-08-02,15.126628,15.126628,51.79885800000001,96.6548066,153.56583559999999,215,8,20.0,1013.0,1,0.9933333333333333,0.8266666666666667
2024-08-03,10.733379,10.733379,42.59794900000001,92.2694236,150.2253286,216,8,30.0,1013.0,1,1.0,0.82
2024-08-04,8.632533,8.632533,34.492540000000005,95.999856,137.7924696,217,8,30.0,1013.0,1,1.0,0.82
2024-08-05,6.689537,6.689537,26.055449000000007,95.918962,122.7102556,218,8,25.0,1013.0,1,0.9533333333333334,0.8133333333333334
2024-08-06,5.867619,5.867619,21.18968900000001,83.721926,113.4591126,219,8,0.0,1013.0,0,0.9433333333333334,0.0
2024-08-07,12.166258,12.166258,24.723414000000005,75.953896,120.72327,220,8,0.0,1013.0,0,0.09666666666666666,0.00319634703196347
2024-08-08,6.9702725,6.9702725,25.004149500000004,66.1862265,120.9231115,221,8,0.0,1013.0,0,0.04666666666666667,0.0
2024-08-09,6.383335,6.383335,25.51986550000001,57.4429335,109.24179149999999,222,8,0.0,1013.0,0,0.023333333333333334,0.0
2024-08-10,6.7912893,6.7912893,20.14489680000001,53.5008438,96.0987928,223,8,0.0,1013.0,0,0.0,0.0
2024-08-11,3.4936538,3.4936538,16.66827810000001,48.3619646,82.8545046,224,8,0.0,1013.0,0,0.0033333333333333335,0.0027983539094650206
2024-08-12,5.2296352,5.2296352,15.514578300000009,46.9020628,72.95751179999999,225,8,0.0,1013.0,0,0.0033333333333333335,0.0027983539094650206
2024-08-13,4.3962626,4.3962626,13.119551600000008,45.4307064,66.6203954,226,8,0.0,1013.0,0,0.0033333333333333335,0.0027983539094650206
2024-08-14,7.109263,7.109263,16.73516080000001,40.3737114,65.0971254,227,8,0.0,1013.0,0,0.0,0.0
2024-08-15,5.2059803,5.2059803,16.71150590000001,38.6094192,63.613568699999995,228,8,0.0,1013.0,0,0.0,0.0027983539094650206
2024-08-16,3.5482996,3.5482996,15.86354290000001,35.774383799999995,61.2942493,229,8,0.0,1013.0,0,0.0,0.0027983539094650206
2024-08-17,12.711558,12.711558,21.46583790000001,41.694652500000004,61.8395493,230,8,0.0,1013.0,0,0.0,0.0
2024-08-18,6.2446427,6.2446427,22.50450030000001,44.4456414,61.1139195,231,8,0.0,1013.0,0,0.0,0.0
2024-08-19,4.143228,4.143228,23.099428700000008,43.3592342,58.8738125,232,8,0.0,1013.0,0,0.0,0.0
2024-08-20,18.382069,18.382069,28.76993970000001,57.345040600000004,70.4645922,233,8,0.0,1013.0,0,0.006666666666666667,0.0
2024-08-21,7.8482757,7.8482757,30.37357270000001,58.0840533,74.8192141,234,8,0.0,1013.0,0,0.0,0.0
2024-08-22,7.8577757,7.8577757,34.08812040000001,60.735848700000005,77.4473546,235,8,0.0,1013.0,0,0.01,0.0
2024-08-23,3.6710556,3.6710556,19.37710700000001,60.8586047,76.72214760000001,236,8,0.0,1013.0,0,0.0,0.0
2024-08-24,10.740446,10.740446,22.269277300000006,58.887492699999996,80.35333059999999,237,8,0.0,1013.0,0,0.0,0.0
2024-08-25,14.422793,14.422793,28.834294600000007,67.065643,89.5701433,238,8,30.0,1013.0,1,0.0033333333333333335,0.9166666666666666
2024-08-26,10.857686,10.857686,36.020925000000005,73.780101,96.87952969999999,239,8,30.0,1013.0,1,0.03333333333333333,0.9298453608247425
2024-08-27,10.498786,10.498786,35.77926500000001,65.896818,94.6667577,240,8,30.0,1013.0,1,0.02,0.91
2024-08-28,8.931305,8.931305,30.287777000000006,66.9798473,97.35342,241,8,30.0,1013.0,1,0.013333333333333334,0.89
2024-08-29,7.065059,7.065059,26.495150000000006,66.1871306,100.27525100000001,242,8,30.0,1013.0,1,0.0033333333333333335,0.89
2024-08-30,6.6687293,6.6687293,22.665093300000006,69.1848043,88.5619113,243,8,35.0,994.0,1,0.0,0.98
2024-08-31,10.193028,10.193028,23.926816300000006,68.6373863,90.9066636,244,8,40.0,1013.0,1,0.0,0.8766666666666667
2024-09-01,16.21198,16.21198,33.07373730000001,70.4265733,99.2608679,245,9,40.0,1013.0,1,0.013333333333333334,0.9166666666666666
2024-09-02,12.9755335,12.9755335,39.38054150000001,72.5444208,108.56534579999999,246,9,20.0,1013.0,1,0.16666666666666666,0.8933333333333333
2024-09-03,10.7907295,10.7907295,39.978243000000006,72.8363643,108.6156293,247,9,0.0,1013.0,1,0.17,0.0
2024-09-04,8.32859,8.32859,32.09485300000001,72.2336493,102.5214263,248,9,0.0,1013.0,0,0.04,0.0
2024-09-05,5.3976994,5.3976994,24.51701890000001,70.5662897,97.06143970000001,249,9,0.0,1013.0,0,0.0,0.0
2024-09-06,7.4829845,7.4829845,21.20927390000001,71.38054489999999,94.04563819999998,250,9,0.0,1013.0,0,0.0,0.0
2024-09-07,4.9509587,4.9509587,17.83164260000001,66.13847559999999,90.06529189999999,251,9,0.0,1013.0,0,0.0,0.0
2024-09-08,6.1722994,6.1722994,18.60624260000001,56.098795,89.17253229999999,252,9,30.0,1013.0,1,0.0,0.8433333333333334
2024-09-09,5.9439025,5.9439025,17.067160600000012,49.067164,88.4477055,253,9,30.0,1013.0,1,0.0,0.8433333333333334
2024-09-10,5.0902557,5.0902557,17.20645760000001,43.3666902,83.3449332,254,9,25.0,996.0,1,0.0,0.9594650205761316
2024-09-11,2.9328303,2.9328303,13.96698850000001,37.9709305,70.06578350000001,255,9,25.0,1013.0,1,0.0,0.822798353909465
2024-09-12,2.9644506,2.9644506,10.98753660000001,35.5376817,60.0547006,256,9,25.0,1013.0,1,0.0,0.8066666666666666
2024-09-13,0.85380965,0.85380965,6.7510905500000105,28.908506850000002,50.11778075,257,9,25.0,1013.0,1,0.0,0.6933333333333334
2024-09-14,0.8958051,0.8958051,4.714065350000011,24.853353249999998,42.68499585,258,9,30.0,1013.0,1,0.0,0.6766666666666666
2024-09-15,1.192293,1.192293,2.9419077500000106,19.87334685,38.47958945,259,9,30.0,1013.0,1,0.0,0.6766666666666666
2024-09-16,1.1839807,1.1839807,3.2720788000000107,15.11342505,32.18058565,260,9,30.0,1013.0,1,0.0,0.6666666666666666
2024-09-17,2.1734076,2.1734076,4.54968130000001,12.196576949999999,29.40303455,261,9,25.0,1013.0,1,0.0,0.6866666666666666
2024-09-18,0.38722497,0.38722497,3.744613270000011,9.65097162,23.61796012,262,9,0.0,1013.0,0,0.0,0.0
2024-09-19,0.1854444,0.1854444,2.7460769700000105,6.8719654199999995,17.85950202,263,9,0.0,1013.0,0,0.0,0.0
2024-09-20,0.40466195,0.40466195,0.9773313200000107,6.42281772,13.173908269999998,264,9,0.0,1013.0,0,0.0,0.0
2024-09-21,2.0053976,2.0053976,2.5955039500000106,7.532410219999999,12.24647557,265,9,0.0,1013.0,0,0.0,0.0
2024-09-22,6.013695,6.013695,8.42375455000001,12.35381222,15.295719969999999,266,9,0.0,1013.0,0,0.0,0.06437645233589306
2024-09-23,8.422259,8.422259,16.44135160000001,19.59209052,22.864169320000002,267,9,0.0,1013.0,0,0.0,0.14612938464575734
2024-09-24,14.645062,14.645062,29.081016000000012,32.063744920000005,36.61342622,268,9,0.0,1013.0,0,0.0,0.0033333333333333335
2024-09-25,16.69233,16.69233,39.75965100000001,48.36884995,52.11346322,269,9,0.0,1013.0,0,0.013333333333333334,0.0
2024-09-26,8.903817,8.903817,40.24120900000001,57.08722254999999,59.83329952,270,9,0.0,1013.0,0,0.03,0.0
2024-09-27,5.341385,5.341385,30.93753200000001,62.0239456,63.001276919999995,271,9,0.0,1013.0,0,0.0033333333333333335,0.0
2024-09-28,3.1961896,3.1961896,17.441391600000014,63.2147376,65.81024155,272,9,0.0,1013.0,0,0.0,0.0
2024-09-29,2.7470527,2.7470527,11.284627300000015,59.9480953,68.37184985,273,9,0.0,1013.0,0,0.0,0.0
2024-09-30,3.6512046,3.6512046,9.594446900000014,55.177040899999994,71.6183925,274,9,0.0,1013.0,0,0.0033333333333333335,0.0
2024-10-01,2.9453332,2.9453332,9.343590500000014,43.4773121,72.5583281,275,10,0.0,1013.0,0,0.0,0.0033333333333333335
2024-10-02,3.2505746,3.2505746,9.847112400000015,30.0355567,69.7952077,276,10,0.0,1013.0,0,0.0,0.006666666666666667
2024-10-03,7.2355328,7.2355328,13.431440600000014,28.3672725,68.6084815,277,10,0.0,1013.0,0,0.0,0.0
2024-10-04,4.5876083,4.5876083,15.073715700000015,27.6134958,58.5510278,278,10,0.0,1013.0,0,0.0,0.006131687242798354
2024-10-05,11.767222,11.767222,23.590363100000015,36.1845282,53.6259198,279,10,0.0,1013.0,0,0.0,0.0
2024-10-06,4.827886,4.827886,21.182716300000017,38.265361500000004,49.5499888,280,10,0.0,1013.0,0,0.0,0.0
2024-10-07,4.402382,4.402382,20.997490000000013,39.0165389,48.6109858,281,10,0.0,1013.0,0,0.0,0.0
2024-10-08,3.9554975,3.9554975,13.185765500000015,40.0267032,49.3702937,282,10,0.0,1013.0,0,0.0,0.0027983539094650206
2024-10-09,8.806107,8.806107,17.163986500000014,45.582235600000004,55.429348,283,10,0.0,1013.0,0,0.0,0.0
2024-10-10,3.8368318,3.8368318,16.598436300000014,42.1835346,55.614975199999996,284,10,0.0,1013.0,0,0.0,0.0027983539094650206
2024-10-11,6.481025,6.481025,19.123963800000013,44.076951300000005,59.150667,285,10,0.0,1013.0,0,0.0,0.006666666666666667
2024-10-12,9.739541,9.739541,20.05739780000001,42.049270299999996,65.6396334,286,10,0.0,1013.0,0,0.0,0.0
2024-10-13,3.4464645,3.4464645,19.667030500000013,40.667848799999994,61.8505651,287,10,20.0,1013.0,1,0.0,0.82
2024-10-14,4.550733,4.550733,17.736738500000016,40.8161998,61.8136898,288,10,25.0,1013.0,1,0.0,0.8194650205761317
2024-10-15,7.2567196,7.2567196,15.253917100000015,44.117421900000004,57.3031874,289,10,20.0,1013.0,1,0.0,0.8166666666666667
2024-10-16,14.827189,14.827189,26.634641600000016,50.138503899999996,67.3024904,290,10,25.0,1013.0,1,0.0033333333333333335,0.89
2024-10-17,15.277474,15.277474,37.36138260000001,61.5791461,78.1775824,291,10,0.0,1013.0,0,0.006666666666666667,0.006666666666666667
2024-10-18,7.972439,7.972439,38.07710200000001,63.070560099999994,82.19452390000001,292,10,0.0,1013.0,0,0.03,0.0
2024-10-19,5.3333173,5.3333173,28.583230300000015,58.6643364,78.7217342,293,10,0.0,1013.0,0,0.006666666666666667,0.0033333333333333335
2024-10-20,6.286491,6.286491,19.592247300000015,61.504362900000004,81.1713934,294,10,0.0,1013.0,0,0.0,0.0
2024-10-21,11.317429,11.317429,22.937237300000014,68.2710589,86.00779740000002,295,10,0.0,1013.0,1,0.006666666666666667,0.0031786941580756014
2024-10-22,10.147848,10.147848,27.751768000000013,71.1621873,86.41610440000001,296,10,30.0,1013.0,1,0.013333333333333334,0.9066666666666666
2024-10-23,4.7591963,4.7591963,26.224473300000017,61.0941946,87.7288362,297,10,50.0,997.0,1,0.0033333333333333335,0.9833333333333333
2024-10-24,5.100354,5.100354,20.007398300000016,50.9170746,88.2784572,298,10,60.0,988.0,1,0.0,0.98
2024-10-25,1.1112003,1.1112003,10.970750600000017,44.055835900000005,82.1329379,299,10,50.0,1013.0,1,0.0,0.8333333333333334
2024-10-26,0.18384427,0.18384427,6.395398570000016,38.906362869999995,67.48959317,300,10,0.0,1013.0,1,0.0,0.0
2024-10-27,0.057431422,0.057431422,1.352475992000016,32.677303292,52.269550592,301,10,0.0,1013.0,0,0.0,0.0
2024-10-28,0.2004258,0.2004258,0.44170149200001596,21.560300092,44.497537392,302,10,0.0,1013.0,0,0.0,0.0
2024-10-29,0.47347558,0.47347558,0.7313328020000159,11.885927672000001,39.637695672,303,10,0.0,1013.0,0,0.0,0.0
2024-10-30,0.16332781,0.16332781,0.8372291900000159,7.290059182,33.51453248200001,304,10,0.0,1013.0,0,0.0,0.0
2024-10-31,1.8831241,1.8831241,2.519927490000016,4.072829282,24.080227582,305,10,0.0,1013.0,0,0.0,0.0
2024-11-01,3.8324258,3.8324258,5.878877710000016,6.794054782,17.764805382,306,11,0.0,1013.0,0,0.0,0.0
2024-11-02,1.7250829,1.7250829,7.440632800000016,8.335293412,14.730691982000002,307,11,0.0,1013.0,0,0.0,0.026084276729559746
2024-11-03,1.3448114,1.3448114,6.902320100000017,9.62267339,10.975149382,308,11,0.0,1013.0,0,0.0,0.002544378698224852
2024-11-04,1.5236883,1.5236883,4.593582600000016,10.94593589,11.387637382,309,11,0.0,1013.0,0,0.0,0.002544378698224852
2024-11-05,0.7745311,0.7745311,3.643030800000016,11.24699141,11.978324212,310,11,0.0,1013.0,0,0.0,0.0
2024-11-06,0.029996678,0.029996678,2.328216078000016,11.113660278000001,11.950889468,311,11,0.0,1013.0,0,0.0,0.0
2024-11-07,0.00019723727,0.00019723727,0.804725015270016,9.230733415269999,11.75066090527,312,11,0.0,1013.0,0,0.0,0.0
2024-11-08,0.1004889,0.1004889,0.130682815270016,5.4987965152700005,11.377674225269999,313,11,0.0,1013.0,0,0.0,0.0
2024-11-09,0.015676646,0.015676646,0.116362783270016,3.78939026127,11.230023061270002,314,11,0.0,1013.0,0,0.0,0.0
2024-11-10,0.009382149,0.009382149,0.125547695000016,2.45396101027,9.35628111027,315,11,0.0,1013.0,0,0.0,0.0
2024-11-11,0.015890766,0.015890766,0.04094956100001598,0.9461634762700001,5.53974607627,316,11,0.0,1013.0,0,0.0,0.0
2024-11-12,0.0019417519,0.0019417519,0.027214666900015987,0.17357412817,3.81660492817,317,11,0.0,1013.0,0,0.0,0.0
2024-11-13,0.63954353,0.63954353,0.6573760479000159,0.78312098017,3.11133705817,318,11,0.0,1013.0,0,0.0,0.0
2024-11-14,0.31052175,0.31052175,0.9520070319000158,1.0934454929,1.89817050817,319,11,0.0,1013.0,0,0.0,0.0
2024-11-15,5.785799,5.785799,6.7358642800000155,6.7787555929,6.90943840817,320,11,0.0,1013.0,0,0.006666666666666667,0.0033333333333333335
2024-11-16,2.2150927,2.2150927,8.311413450000016,8.9781716469,9.09453443017,321,11,0.0,1013.0,0,0.0,0.6014510151166554
2024-11-17,1.3026468,1.3026468,9.303538500000016,10.2714362979,10.396983992900001,322,11,0.0,1013.0,0,0.0,0.575709829378732
2024-11-18,0.7103955,0.7103955,4.228135000000016,10.965941031899998,11.0068905929,323,11,0.0,1013.0,0,0.0,0.0033333333333333335
2024-11-19,0.006155549,0.006155549,2.0191978490000158,10.970154829,10.9973694959,324,11,0.0,1013.0,0,0.0,0.0
2024-11-20,0.0,0.0,0.716551049000016,10.330611299,10.987987346899999,325,11,0.0,1013.0,0,0.0,0.0
2024-11-21,0.022741726,0.022741726,0.028897275000015987,10.042831275,10.994838306899998,326,11,0.0,1013.0,0,0.0,0.0
2024-11-22,0.0,0.0,0.022741726000015988,4.257032275,10.992896555,327,11,0.0,1013.0,0,0.0,0.0
2024-11-23,0.0,0.0,0.022741726000015988,2.041939575,10.353353024999999,328,11,0.0,1013.0,1,0.0,0.0
2024-11-24,0.0,0.0,0.0,0.739292775,10.042831275,329,11,0.0,1013.0,1,0.0,0.0
2024-11-25,0.0,0.0,0.0,0.028897275,4.257032275,330,11,25.0,1013.0,1,0.0,0.44
2024-11-26,0.0040115267,0.0040115267,0.0040115267000159875,0.0267532527,2.0459511017,331,11,30.0,1013.0,1,0.0,0.44
2024-11-27,0.40744552,0.40744552,0.411457046700016,0.4341987727,1.1507498216999998,332,11,30.0,1013.0,1,0.0,0.44
2024-11-28,0.0036369457,0.0036369457,0.415093992400016,0.4150939924,0.4439912674,333,11,30.0,1013.0,1,0.0,0.44
2024-11-29,0.0,0.0,0.411082465700016,0.4150939924,0.4378357184,334,11,40.0,1000.0,1,0.0,0.6066666666666667
2024-11-30,0.04195147,0.04195147,0.04558841570001598,0.4570454624,0.4797871884,335,11,45.0,999.0,1,0.0,0.6066666666666667
2024-12-01,2.9800026,2.9800026,3.021954070000016,3.4370480624,3.4370480624,336,12,35.0,1013.0,1,0.0,0.5266666666666666
2024-12-02,8.313213,8.313213,11.335167070000015,11.7502610624,11.7502610624,337,12,0.0,1013.0,1,0.0,0.042287427598819254
2024-12-03,12.895947,12.895947,24.189162600000014,24.642196535700002,24.6462080624,338,12,0.0,1013.0,1,0.0033333333333333335,0.16097180281771586
2024-12-04,1.2133987,1.2133987,22.422558700000014,25.4481497157,25.8596067624,339,12,0.0,1013.0,1,0.0,0.2877979765309275
2024-12-05,1.1394222,1.1394222,15.248767900000015,26.583934969999998,26.9990289624,340,12,0.0,1013.0,0,0.0,0.38665261743954527
2024-12-06,1.3958238,1.3958238,3.748644700000016,27.97975877,28.390841235699998,341,12,0.0,1013.0,0,0.0,0.02666666666666667
2024-12-07,0.671802,0.671802,3.2070480000000163,28.609609300000002,28.655197715699998,342,12,0.0,1013.0,0,0.0,0.02666666666666667
2024-12-08,0.9647567,0.9647567,3.0323825000000157,26.5943634,29.616317470000002,343,12,0.0,1013.0,0,0.0,0.043333333333333335
2024-12-09,1.0870043,1.0870043,2.7235630000000164,19.3681547,30.703321770000002,344,12,0.0,1013.0,0,0.0,0.0033333333333333335
2024-12-10,0.1565109,0.1565109,2.208271900000016,6.6287186,30.8178812,345,12,0.0,1013.0,0,0.0,0.0
2024-12-11,0.028912077,0.028912077,1.272427277000016,5.444231977,27.866790677,346,12,0.0,1013.0,0,0.0,0.0
2024-12-12,0.1016945,0.1016945,0.2871174770000162,4.406504277,19.655272177,347,12,0.0,1013.0,0,0.0,0.0
2024-12-13,2.3794286,2.3794286,2.5100351770000158,5.390109077,9.138753777,348,12,0.0,1013.0,0,0.0,0.0
2024-12-14,0.41223878,0.41223878,2.8933618800000156,5.1305458569999995,8.337593857,349,12,0.0,1013.0,0,0.0,0.0
2024-12-15,0.015745249,0.015745249,2.807412629000016,4.181534406,7.213916906,350,12,0.0,1013.0,0,0.0,0.0
2024-12-16,0.0,0.0,0.42798402900001603,3.0945301059999997,5.818093106,351,12,0.0,1013.0,0,0.0,0.0
2024-12-17,0.0,0.0,0.015745249000015987,2.938019206,5.146291106,352,12,0.0,1013.0,0,0.0,0.0
2024-12-18,0.091450535,0.091450535,0.09145053500001599,3.0005576639999996,4.272984941,353,12,0.0,1013.0,0,0.0,0.0
2024-12-19,0.071613535,0.071613535,0.163064070000016,2.9704766989999998,3.2575941759999996,354,12,0.0,1013.0,0,0.0,0.0
2024-12-20,0.33746585,0.33746585,0.500529920000016,0.9285139490000001,3.438549126,355,12,25.0,1013.0,1,0.0,0.44
2024-12-21,0.12656282,0.12656282,0.535642205000016,0.642837989,3.536199869,356,12,25.0,1003.0,1,0.0,0.6066666666666667
2024-12-22,0.4333866,0.4333866,0.897415270000016,1.06047934,3.867891969,357,12,0.0,1013.0,0,0.0,0.0
2024-12-23,0.10721607,0.10721607,0.6671654900000159,1.16769541,1.595679439,358,12,0.0,1013.0,0,0.0,0.0
2024-12-24,0.01105867,0.01105867,0.551661340000016,1.17875408,1.194499329,359,12,0.0,1013.0,0,0.0,0.0
2024-12-25,0.031604413,0.031604413,0.14987915300001597,1.118907958,1.210358493,360,12,0.0,1013.0,0,0.0,0.0
2024-12-26,0.080047786,0.080047786,0.12271086900001599,1.127342209,1.290406279,361,12,0.0,1013.0,0,0.0,0.0
2024-12-27,1.306282,1.306282,1.4179341990000158,2.096158359,2.596688279,362,12,0.0,1013.0,0,0.0,0.0
2024-12-28,0.7240698,0.7240698,2.1103995860000158,2.693665339,3.229307544,363,12,0.0,1013.0,0,0.0,0.0
2024-12-29,0.014646215,0.014646215,2.0449980150000155,2.274924954,3.172340224,364,12,0.0,1013.0,0,0.0,0.0
2024-12-30,0.0028557596,0.0028557596,0.7415717746000158,2.1705646435999997,2.8377301336,365,12,0.0,1013.0,0,0.0,0.0
2024-12-31,0.022229092,0.022229092,0.03973106660001577,2.1817350656,2.7333964055999997,366,12,0.0,1013.0,0,0.0,0.0
